Workbook

Sheet Отчет
C1: Ввод в действие жилых домов (общая площадь), миллион квадратных метров
C2: 2014 г. | D2: 2015 г. | E2: 2016 г. | F2: 2017 г. | G2: 2018 г. | H2: 2019 г. | I2: 2020 г. | J2: 2021 г. | K2: 2022 г. | L2: 2023 г. | M2: 2024 г. | N2: 2025 г.
A3: Российская Федерация – Всего | B3: 643 | C3: 84.2 | D3: 85.3 | E3: 80.2 | F3: 79.2 | G3: 75.7 | H3: 82 | I3: 82.2 | J3: 92.6 | K3: 102.7 | L3: 110.4 | M3: 107.8 | N3: 108.1
A4: Российская Федерация – Населением (индивидуальное жилищное строительство) | B4: 643 | F4: 33 | G4: 32.4 | H4: 38.5 | I4: 39.8 | J4: 49.1 | K4: 57.2 | L4: 58.7 | M4: 62.3
A6: * 2025 г. – оперативные данные. Данные по ИЖС за 2025 г. на момент выполнения работы не опубликованы.
A7: ** С августа 2019 г. в ввод включаются жилые дома, построенные населением на садовых участках.

Sheet Диаграммы
A1: Практическое занятие № 2. Визуализация Web-диаграмм. Статистика. Выполнил: Кокотанов
A2: Вид экономической деятельности: «Строительство и недвижимость» → «Ввод в действие жилых домов». Источник: Росстат, витрина данных https://showdata.rosstat.gov.ru/finder/
O24: Расчётная таблица для диаграммы 2, млн м²
O25: Год | P25: Населением (ИЖС) | Q25: Организациями | R25: Доля ИЖС, %
O26: 2017 г. | P26: =Отчет!F4 | Q26: =Отчет!F3-Отчет!F4 | R26: =Отчет!F4/Отчет!F3*100
O27: 2018 г. | P27: =Отчет!G4 | Q27: =Отчет!G3-Отчет!G4 | R27: =Отчет!G4/Отчет!G3*100
O28: 2019 г. | P28: =Отчет!H4 | Q28: =Отчет!H3-Отчет!H4 | R28: =Отчет!H4/Отчет!H3*100
O29: 2020 г. | P29: =Отчет!I4 | Q29: =Отчет!I3-Отчет!I4 | R29: =Отчет!I4/Отчет!I3*100
O30: 2021 г. | P30: =Отчет!J4 | Q30: =Отчет!J3-Отчет!J4 | R30: =Отчет!J4/Отчет!J3*100
O31: 2022 г. | P31: =Отчет!K4 | Q31: =Отчет!K3-Отчет!K4 | R31: =Отчет!K4/Отчет!K3*100
O32: 2023 г. | P32: =Отчет!L4 | Q32: =Отчет!L3-Отчет!L4 | R32: =Отчет!L4/Отчет!L3*100
O33: 2024 г. | P33: =Отчет!M4 | Q33: =Отчет!M3-Отчет!M4 | R33: =Отчет!M4/Отчет!M3*100
A44: Выводы:
A45: 1. За 2014–2025 гг. ввод жилья в России вырос с 84,2 до 108,1 млн м²; после спада 2016–2018 гг. начался рост, максимум – 110,4 млн м² в 2023 г.
A46: 2. Рост обеспечен в основном индивидуальным жилищным строительством: ИЖС почти удвоилось (33,0 → 62,3 млн м² в 2017–2024 гг.),
A47: его доля в общем вводе выросла с ~42% до ~58%, а ввод организациями (многоквартирные дома) колеблется в пределах 42–52 млн м².
A48: 3. В 2024 г. ввод снизился на ~2% к рекордному 2023 г., в 2025 г. стабилизировался (108,1 млн м², оперативные данные).
A49: Типы графиков выбраны по Руководству пользователя витрины (п. 3.4.3.6): «линейный график», «столбчатая диаграмма и линейный график».

Sheet Установленные разрезы
A1: Ввод в действие жилых домов (общая площадь)
A2: ЕДИНИЦА ИЗМЕРЕНИЯ | B2: Миллион квадратных метров
A3: ТИП СБОРА | B3: За год
A4: ПЕРИОД | B4: 2014 г., 2015 г., 2016 г., 2017 г., 2018 г., 2019 г., 2020 г., 2021 г., 2022 г., 2023 г., 2024 г., 2025 г.
A5: ОКАТО | B5: 643 Российская Федерация
A6: ТИП ЗАСТРОЙЩИКА | B6: Всего; Населением (индивидуальное жилищное строительство)
A7: ВИД ЭКОНОМИЧЕСКОЙ ДЕЯТЕЛЬНОСТИ (раздел витрины) | B7: Строительство и недвижимость
